Fecha,residual
2020-01-01,1111.2436489682702
2020-01-02,-267.9890348585825
2020-01-03,17.53329137984712
2020-01-04,-0.7442203842216557
2020-01-05,16.12006767444761
2020-01-06,-2.436751656164631
2020-01-07,-6.743694862814721
2020-01-08,24.365425339110146
2020-01-09,5.9035642650042774
2020-01-10,-9.566052046381188
2020-01-11,-27.018034491476094
2020-01-12,-1.717423806204721
2020-01-13,36.691920118420896
2020-01-14,19.48342203481461
2020-01-15,6.002072354682639
2020-01-16,-14.444419549332075
2020-01-17,-12.328993155786549
2020-01-18,-4.090342891506488
2020-01-19,-7.812885174538472
2020-01-20,-7.330394257084173
2020-01-21,4.461861317329131
2020-01-22,-1.7073081879264507
2020-01-23,20.965350867209366
2020-01-24,-18.828462311066176
2020-01-25,-4.36802446038908
2020-01-26,-2.5544158204265273
2020-01-27,-9.225184262343433
2020-01-28,-17.3860353893662
2020-01-29,4.4727874534736145
2020-01-30,-0.46805208543064936
2020-01-31,8.852682586772197
2020-02-01,-12.564839676525317
2020-02-02,-4.3738466474901685
2020-02-03,-3.214863090817005
2020-02-04,30.202839867641572
2020-02-05,-11.512670317090354
2020-02-06,-21.262180144551223
2020-02-07,-7.879322987825233
2020-02-08,7.906539294481263
2020-02-09,2.639864988286135
2020-02-10,13.90692416618316
2020-02-11,5.652171625942337
2020-02-12,-13.573918320125976
2020-02-13,3.4225231700155376
2020-02-14,-8.22876638646278
2020-02-15,-2.2476759057791043
2020-02-16,-2.670780270995948
2020-02-17,-10.69879465967253
2020-02-18,9.709310935153653
2020-02-19,-3.939075770925541
2020-02-20,3.297987285118623
2020-02-21,4.153641676246153
2020-02-22,-3.366888232750732
2020-02-23,-8.741504217370597
2020-02-24,-11.822100869475605
2020-02-25,-4.825656180363893
2020-02-26,14.125380683232933
2020-02-27,-26.203248761366503
2020-02-28,4.121537959094809
2020-02-29,8.43046522602939
2020-03-01,-18.30405333477264
2020-03-02,-5.0512173193737055
2020-03-03,25.208177411519735
2020-03-04,-7.702594516382291
2020-03-05,-16.41560317416087
2020-03-06,-5.678672091733034
2020-03-07,23.79923041069319
2020-03-08,11.831140554623111
2020-03-09,8.675675042421688
2020-03-10,8.986515273896885
2020-03-11,17.280361496389048
2020-03-12,1.1324418021827256
2020-03-13,3.147974180132408
2020-03-14,27.051974031007248
2020-03-15,7.615707690454315
2020-03-16,-10.447806262253152
2020-03-17,2.6891600782294347
2020-03-18,5.117976603394837
2020-03-19,4.181990756015068
2020-03-20,6.776407055938066
2020-03-21,-1.6323409045859307
2020-03-22,-0.7199822845996664
2020-03-23,3.7525281978414
2020-03-24,-2.4964049251629774
2020-03-25,19.940382509292633
2020-03-26,13.68802550014577
2020-03-27,-12.034545312030644
2020-03-28,22.772141240318547
2020-03-29,-1.9673106261403817
2020-03-30,-3.440696372513081
2020-03-31,-8.944994322404085
2020-04-01,11.535055107272456
2020-04-02,11.653503079571195
2020-04-03,9.997045599548109
2020-04-04,-11.888003607119273
2020-04-05,-3.4863708607006423
2020-04-06,-0.32435727856706364
2020-04-07,-1.7036078902711296
2020-04-08,0.5703040991129456
2020-04-09,17.293406859534045
2020-04-10,-1.2121630410278854
2020-04-11,-5.319600329094932
2020-04-12,1.5316027378994335
2020-04-13,-12.257082759193935
2020-04-14,11.342220522373651
2020-04-15,0.15662208177021597
2020-04-16,-6.286934988960816
2020-04-17,-7.515259968381855
2020-04-18,2.518586408983964
2020-04-19,-11.785661147549021
2020-04-20,5.672733477747741
2020-04-21,49.49532912521393
2020-04-22,-1.3620548011072344
2020-04-23,-27.85235501081172
2020-04-24,5.584363728069448
2020-04-25,24.11768726245603
2020-04-26,0.3877286516023162
2020-04-27,3.9324261698003795
2020-04-28,2.730917424800296
2020-04-29,-16.11385271988435
2020-04-30,12.7885496640449
2020-05-01,-20.046522949591697
2020-05-02,10.694952275736625
2020-05-03,1.9672331245907912
2020-05-04,-5.743864741680113
2020-05-05,11.0229187972853
2020-05-06,-13.754694036505086
2020-05-07,-2.844116075592453
2020-05-08,-10.035530431019758
2020-05-09,-2.428442594000792
2020-05-10,6.37253605591647
2020-05-11,-0.3868398130636166
2020-05-12,-5.867732074048881
2020-05-13,4.27219729410745
2020-05-14,-0.8600414709643758
2020-05-15,14.843536866471851
2020-05-16,2.640803681627318
2020-05-17,-14.377296276962596
2020-05-18,-6.855300196965771
2020-05-19,-0.38422197455501816
2020-05-20,10.061530620469227
2020-05-21,20.74659330555587
2020-05-22,-24.5383619864076
2020-05-23,12.04732186423793
2020-05-24,-7.332076898784706
2020-05-25,-4.477275630414752
2020-05-26,-10.289755998879329
2020-05-27,5.380403868826775
2020-05-28,-6.944984483729378
2020-05-29,-9.501088810611591
2020-05-30,-9.404474191531818
2020-05-31,0.07670596737795421
2020-06-01,-6.283261655472849
2020-06-02,1.6575126655184818
2020-06-03,-2.162578209189668
2020-06-04,1.575316232176256
2020-06-05,1.7352552920562019
2020-06-06,-9.237869702525934
2020-06-07,-16.314286280285437
2020-06-08,-13.610107222264133
2020-06-09,-8.19924090836318
2020-06-10,-2.0352524532115126
2020-06-11,19.627426187074292
2020-06-12,-18.541724253791216
2020-06-13,-10.501224079007287
2020-06-14,-8.55298464667861
2020-06-15,-10.052600911337613
2020-06-16,-8.488082579961748
2020-06-17,-7.709558002509208
2020-06-18,-5.326744409477925
2020-06-19,-15.695806374751609
2020-06-20,-2.7164524058843966
2020-06-21,-7.900112360100177
2020-06-22,-5.0771300394047785
2020-06-23,10.298656697795693
2020-06-24,-3.071471891560442
2020-06-25,-1.4343917566513866
2020-06-26,13.505959697293004
2020-06-27,116.14522402131281
2020-06-28,-15.394187673617182
2020-06-29,0.000507257372888148
2020-06-30,22.604219586648227
2020-07-01,8.969786614381377
2020-07-02,28.56342316995878
2020-07-03,2.725864278386709
2020-07-04,-13.31489895200199
2020-07-05,-8.730573973114602
2020-07-06,1.104901995971062
2020-07-07,4.8712137777825575
2020-07-08,-1.3097018377239493
2020-07-09,-2.2804322970045448
2020-07-10,7.659704786991917
2020-07-11,-10.110325933429522
2020-07-12,-5.6731022828868305
2020-07-13,4.536974665692455
2020-07-14,13.57844310250158
2020-07-15,30.321759586640674
2020-07-16,24.723220227167133
2020-07-17,23.28662939709531
2020-07-18,-4.592118715165455
2020-07-19,-1.246940201305165
2020-07-20,-0.3484290143772739
2020-07-21,-5.816187919632185
2020-07-22,-11.718510224559807
2020-07-23,-9.632074315480125
2020-07-24,-22.61123610140821
2020-07-25,-1.6117608888972796
2020-07-26,-10.948165389194585
2020-07-27,2.5473955914627098
2020-07-28,-1.9525803589814146
2020-07-29,-4.793215340113221
2020-07-30,9.007836371277719
2020-07-31,14.299957820703597
2020-08-01,-23.340393818140775
2020-08-02,-4.541815637854761
2020-08-03,-11.015996322531088
2020-08-04,3.451434199167416
2020-08-05,3.681686704698528
2020-08-06,8.785446380662187
2020-08-07,5.147069779535919
2020-08-08,0.9465634123082012
2020-08-09,14.73027356053278
2020-08-10,-15.232056885763413
2020-08-11,9.749673611752016
2020-08-12,12.330526591970873
2020-08-13,0.9739066888150205
2020-08-14,-7.328673079340028
2020-08-15,-13.870123322188064
2020-08-16,-7.074301874737621
2020-08-17,-15.65035703231559
2020-08-18,-16.939590223513648
2020-08-19,-5.607555888052204
2020-08-20,-19.651853884955408
2020-08-21,-4.109492051248324
2020-08-22,-9.607648299348362
2020-08-23,-5.61346538920251
2020-08-24,-13.871554205837711
2020-08-25,-11.574292101196015
2020-08-26,-4.455890107615431
2020-08-27,-9.082663513073037
2020-08-28,9.125820803015905
2020-08-29,4.533320298272358
2020-08-30,-3.418821808749918
2020-08-31,7.390362692913136
2020-09-01,15.328193092512336
2020-09-02,18.913523312602393
2020-09-03,19.61806363235047
2020-09-04,-17.20680543528583
2020-09-05,-13.825547639296794
2020-09-06,-5.32754495425219
2020-09-07,-1.9316223225761675
2020-09-08,6.535340723762083
2020-09-09,0.0012154076662866942
2020-09-10,-12.895390367268373
2020-09-11,-6.823525947980734
2020-09-12,3.0552941813364356
2020-09-13,-3.1609129593866214
2020-09-14,-18.310363292002997
2020-09-15,-12.692457807885091
2020-09-16,1.051858425737251
2020-09-17,-4.094025414364019
2020-09-18,-17.92084304283334
2020-09-19,-5.256135552193612
2020-09-20,-0.06304013910751394
2020-09-21,3.3111280879349465
2020-09-22,12.1337539750198
2020-09-23,4.181852101578883
2020-09-24,0.19605959142567997
2020-09-25,7.881017192881814
2020-09-26,19.039773459028595
2020-09-27,-6.816639736521779
2020-09-28,23.09530653219739
2020-09-29,-35.26388593302356
2020-09-30,4.3355722760380075
2020-10-01,-26.222897863425686
2020-10-02,0.18021500897572196
2020-10-03,-6.488186309905075
2020-10-04,2.8581738498934612
2020-10-05,-13.101076972368112
2020-10-06,-5.699824468938701
2020-10-07,6.498048943514291
2020-10-08,-3.873023299746393
2020-10-09,-28.032093222666035
2020-10-10,-43.56763746709643
2020-10-11,5.61059883976084
2020-10-12,17.988892854156276
2020-10-13,-9.43806264141024
2020-10-14,6.139177547281989
2020-10-15,-5.846834777938284
2020-10-16,33.83150192944486
2020-10-17,-9.163270119264396
2020-10-18,-0.22945409572480457
2020-10-19,1.8193858748554277
2020-10-20,5.41235602666719
2020-10-21,-1.9268779115118662
2020-10-22,5.593687185907129
2020-10-23,-0.16517485969310286
2020-10-24,10.038516755678351
2020-10-25,-5.425591503333678
2020-10-26,2.0174511902017755
2020-10-27,2.7048475096557354
2020-10-28,-24.170421956549006
2020-10-29,-11.922845746301476
2020-10-30,-8.11270424514661
2020-10-31,-6.871257524919187
2020-11-01,-4.85006318877938
2020-11-02,-2.6274615879263408
2020-11-03,13.056013446634395
2020-11-04,-14.860102268504889
2020-11-05,9.133668627015489
2020-11-06,-4.908143166353
2020-11-07,-3.79039148720053
2020-11-08,1.0146071640140093
2020-11-09,3.6926688835140595
2020-11-10,8.024106834120595
2020-11-11,9.238477179344414
2020-11-12,21.21177758299951
2020-11-13,12.908829298259164
2020-11-14,-5.65798882140102
2020-11-15,26.188491725473796
2020-11-16,-0.16863670496539385
2020-11-17,2.998448300121929
2020-11-18,12.76581334569687
2020-11-19,-4.4685781829934825
2020-11-20,-9.543612782365614
2020-11-21,6.056601758267313
2020-11-22,-4.6837224938399515
2020-11-23,-9.068348429736723
2020-11-24,-1.2558564948626696
2020-11-25,21.76556644017404
2020-11-26,16.69868167615776
2020-11-27,-3.16807497289102
2020-11-28,-2.1511134329763593
2020-11-29,-21.856577226268605
2020-11-30,-1.7404200127603104
2020-12-01,-21.350244528420966
2020-12-02,-5.920864021269068
2020-12-03,-1.163970805947372
2020-12-04,-22.59009706857909
2020-12-05,-11.644267969356363
2020-12-06,-6.574251838695275
2020-12-07,-8.003251151195172
2020-12-08,-8.71307910306264
2020-12-09,-28.850187187837292
2020-12-10,-9.997206690916371
2020-12-11,1.6703811446625565
2020-12-12,10.766975476531385
2020-12-13,44.2686116948566
2020-12-14,2.526530501365457
2020-12-15,-34.91403756474176
2020-12-16,3.641937717576411
2020-12-17,26.518561992865244
2020-12-18,-3.7289933427509396
2020-12-19,-9.597030971651492
2020-12-20,-26.813803426698854
2020-12-21,0.05578106301426544
2020-12-22,14.692615915493057
2020-12-23,6.552597568422485
2020-12-24,95.0538832132787
2020-12-25,-57.496304604908346
2020-12-26,-10.285913926873064
2020-12-27,-7.335274871256388
2020-12-28,-0.3206177695935537
2020-12-29,8.247689985714999
2020-12-30,-12.154066316293452
2020-12-31,0.7904401743594107
2021-01-01,-7.774627726107305
2021-01-02,-31.92549267258579
2021-01-03,-19.981531459115416
2021-01-04,-22.602359317037397
2021-01-05,-16.096517626972286
2021-01-06,-6.300902625266659
2021-01-07,-24.036597939951747
2021-01-08,24.994034760039824
2021-01-09,-5.43772572191255
2021-01-10,3.4203066868641336
2021-01-11,4.663609219165444
2021-01-12,6.61109187220341
2021-01-13,10.83556475989893
2021-01-14,-6.947311153161166
2021-01-15,-17.300149879671764
2021-01-16,-0.8505540862971088
2021-01-17,-0.03447643565412761
2021-01-18,-33.567656156327374
2021-01-19,21.14683808900677
2021-01-20,-16.356263071770698
2021-01-21,7.78242281996252
2021-01-22,-44.76556695887565
2021-01-23,-20.979099621848626
2021-01-24,17.6972969720332
2021-01-25,5.059603350048079
2021-01-26,-13.485580089368057
2021-01-27,28.564726286759225
2021-01-28,-16.487600941569646
2021-01-29,14.696667391980874
2021-01-30,-17.51261239568568
2021-01-31,31.05019732654337
2021-02-01,-16.624670648444173
2021-02-02,-5.9115371282727835
2021-02-03,3.6152594699855456
2021-02-04,3.9040303785690895
2021-02-05,-8.89927160064316
2021-02-06,1.476321474466289
2021-02-07,-4.970507990008755
2021-02-08,5.1913911879024965
2021-02-09,13.102500764807345
2021-02-10,33.24194127725769
2021-02-11,-18.872714152291202
2021-02-12,15.045713628871876
2021-02-13,13.750357267937456
2021-02-14,10.854343365309752
2021-02-15,9.732051037276612
2021-02-16,-12.357732053674766
2021-02-17,-22.622888080250128
2021-02-18,6.508620879271504
2021-02-19,-11.53821554751309
2021-02-20,-12.539114082725376
2021-02-21,-7.756580483995805
2021-02-22,-6.815015162975506
2021-02-23,-5.516072453587796
2021-02-24,-26.017779930995488
2021-02-25,7.9494322688458325
2021-02-26,-8.00265352241037
2021-02-27,7.801945994236476
2021-02-28,20.651248991791512
2021-03-01,27.505482358025873
2021-03-02,-10.598813913693604
2021-03-03,-7.326828640090483
2021-03-04,-1.935120727282623
2021-03-05,-21.17102808569129
2021-03-06,27.657486187281293
2021-03-07,-14.757205872246743
2021-03-08,9.062594657328972
2021-03-09,-18.938091435441265
2021-03-10,-8.226939887056929
2021-03-11,-4.38769220306316
2021-03-12,4.171313791215745
2021-03-13,-7.8798684582734
2021-03-14,28.609854042596446
2021-03-15,19.218985083238252
2021-03-16,-4.213884987780645
2021-03-17,74.06186556917253
2021-03-18,93.52471095132869
2021-03-19,-26.426436624205337
2021-03-20,-29.425404820620997
2021-03-21,-6.208586775726623
2021-03-22,-5.629124945633123
2021-03-23,30.14077255590206
2021-03-24,-9.322163768325268
2021-03-25,49.86238292981572
2021-03-26,-32.077402742030756
2021-03-27,4.954938685554822
2021-03-28,62.18196299790338
2021-03-29,-65.08850974604269
2021-03-30,-5.152612147506723
2021-03-31,13.856562001673652
2021-04-01,-2.1209323599610954
2021-04-02,-1.3220101987945938
2021-04-03,-8.022550891286869
2021-04-04,-8.240072440595014
2021-04-05,-14.878001169312626
2021-04-06,2.2839844504777886
2021-04-07,22.863818417270082
2021-04-08,25.715094360008507
2021-04-09,-8.2321801023229
2021-04-10,21.137142164162782
2021-04-11,5.487651921932539
2021-04-12,18.089746057792638
2021-04-13,14.867312760224756
2021-04-14,19.251102638255183
2021-04-15,29.49158520314444
2021-04-16,4.0370715174000225
2021-04-17,-26.10597038934747
2021-04-18,-11.685923096447368
2021-04-19,-9.980364014890007
2021-04-20,20.258664016418855
2021-04-21,5.564965425893462
2021-04-22,-3.1078677505979186
2021-04-23,1.8781848311110423
2021-04-24,10.907734604397888
2021-04-25,-3.1805376451094673
2021-04-26,24.84491080400798
2021-04-27,4.761247780487835
2021-04-28,27.37108815673031
2021-04-29,-1.4507393425130886
2021-04-30,-23.23846852047108
2021-05-01,-10.895092854476374
2021-05-02,-21.02305624661433
2021-05-03,3.550310141543946
2021-05-04,23.143831419949706
2021-05-05,10.468489013316756
2021-05-06,-0.15813179860355575
2021-05-07,-3.4629612354390886
2021-05-08,-5.049743227720533
2021-05-09,-5.9878601230632
2021-05-10,18.01743167316024
2021-05-11,-1.7155269742654013
2021-05-12,-8.24436412502741
2021-05-13,6.1242138183300625
2021-05-14,6.414254627570465
2021-05-15,-4.041289285644439
2021-05-16,-13.200302146275952
2021-05-17,6.059622809483848
2021-05-18,12.690200948912349
2021-05-19,-20.079775023746308
2021-05-20,4.886705544796179
2021-05-21,3.962108215233094
2021-05-22,1.508617942750547
2021-05-23,-5.727838756439212
2021-05-24,-2.34313195016955
2021-05-25,8.850987964778433
2021-05-26,3.283551736617923
2021-05-27,-1.6509873286644137
2021-05-28,8.566720077051102
2021-05-29,-9.880380698148834
2021-05-30,-1.2089990803446256
2021-05-31,6.741013863322372
2021-06-01,-6.693203111432972
2021-06-02,-11.27673421597936
2021-06-03,4.205564426058267
2021-06-04,-15.472361162623947
2021-06-05,-9.99309370296077
2021-06-06,-7.839943312501546
2021-06-07,7.158149837289798
2021-06-08,11.064415364784573
2021-06-09,1.291815355467115
2021-06-10,-0.1791978092232256
2021-06-11,-1.1174274216140248
2021-06-12,-2.366644398796282
2021-06-13,-3.5600216748688567
2021-06-14,-4.699699000026953
2021-06-15,-5.788092780872738
2021-06-16,-6.827251501039548
2021-06-17,-7.298027155530718
2021-06-18,-7.695201991097328
2021-06-19,6.309859778523808
2021-06-20,-4.535092391435448
2021-06-21,9.725856240335744
2021-06-22,-14.49669095256526
2021-06-23,3.985480121378494
2021-06-24,5.3548505653674425
2021-06-25,10.138033121513914
2021-06-26,0.11376902208663608
2021-06-27,-6.529863568126693
2021-06-28,-1.6121597541448978
2021-06-29,-3.7959959236035345
2021-06-30,-1.4821722259613956
2021-07-01,-3.8775446681774035
2021-07-02,-2.3150290779799008
2021-07-03,-2.1871914182191716
2021-07-04,-1.5355390905081236
2021-07-05,-0.6853688482803548
2021-07-06,-0.7728390604458326
2021-07-07,-6.9390190605137505
2021-07-08,1.6740134476012685
2021-07-09,4.0811532505638155
2021-07-10,6.665833180863487
2021-07-11,18.22885544226107
2021-07-12,28.54258514036303
2021-07-13,15.086971443833178
2021-07-14,-4.321606618097796
2021-07-15,9.935256141384656
2021-07-16,0.8928295521147831
2021-07-17,23.457433686734603
2021-07-18,-0.868600769145317
2021-07-19,-11.77856473056152
2021-07-20,-0.29268219087822445
2021-07-21,-6.931207373503554
2021-07-22,3.509647536281726
2021-07-23,20.907217105802417
2021-07-24,30.283949279626015
2021-07-25,10.76077061888536
2021-07-26,-29.532255128381465
2021-07-27,-2.0456852932939427
2021-07-28,-9.128043944651367
2021-07-29,-13.139198578850888
2021-07-30,-5.376063139637694
2021-07-31,-1.7946676958878172
2021-08-01,4.399347187291241
2021-08-02,-9.940442752813055
2021-08-03,-20.13214863092049
2021-08-04,1.5242466387574538
2021-08-05,-2.7941791183068503
2021-08-06,-6.081338210798158
2021-08-07,11.244278864468257
2021-08-08,-8.094238671593935
2021-08-09,-4.493039705194114
2021-08-10,3.157461494466318
2021-08-11,0.842843394386044
2021-08-12,-4.807687368441016
2021-08-13,-5.252668300861451
2021-08-14,-3.7866176454086755
2021-08-15,-14.903176403873267
2021-08-16,-15.179203600186177
2021-08-17,-7.2547453232418135
2021-08-18,-1.6609569537604187
2021-08-19,14.146807631154168
2021-08-20,-7.8100073569966
2021-08-21,-0.5646400848821074
2021-08-22,2.2443762666936067
2021-08-23,4.331729832508657
2021-08-24,5.782361416144916
2021-08-25,-6.633389109115349
2021-08-26,14.213405118689579
2021-08-27,0.08259069830536703
2021-08-28,10.004632533737471
2021-08-29,14.40306302498665
2021-08-30,11.650247110285889
2021-08-31,-19.34130080709958
2021-09-01,8.373148265348668
2021-09-02,10.829190644721145
2021-09-03,-3.1945872124783747
2021-09-04,10.336060299927261
2021-09-05,7.691528989670573
2021-09-06,-5.886573735705767
2021-09-07,4.066121884773921
2021-09-08,-11.134607176674258
2021-09-09,12.612274220847894
2021-09-10,-2.771332049881096
2021-09-11,-6.261554294172392
2021-09-12,-14.811736303476088
2021-09-13,-11.725200365615986
2021-09-14,-7.131520346471589
2021-09-15,-7.106427096334642
2021-09-16,-4.326982496011922
2021-09-17,-6.543391250407112
2021-09-18,-0.964984362762948
2021-09-19,-15.797255814700833
2021-09-20,3.0564703711867764
2021-09-21,9.47218845531986
2021-09-22,-9.729433841367403
2021-09-23,5.46721242347499
2021-09-24,-3.269594857518541
2021-09-25,-2.932206634966626
2021-09-26,-6.03347463437008
2021-09-27,-0.3129070465120165
2021-09-28,-5.796690003332813
2021-09-29,10.123830074519041
2021-09-30,-3.4151630230216554
2021-10-01,-6.535098295386433
2021-10-02,-0.7803857967711494
2021-10-03,-5.021315607513145
2021-10-04,-7.841917190652445
2021-10-05,-11.404718748653835
2021-10-06,-0.4105726679031676
2021-10-07,-8.089760552562723
2021-10-08,-7.080719943383073
2021-10-09,3.2448972538241136
2021-10-10,-2.6941088167451213
2021-10-11,7.172239113565119
2021-10-12,-0.5969878789326231
2021-10-13,12.12180753923544
2021-10-14,3.5181928982762543
2021-10-15,12.06704620206959
2021-10-16,-9.273622026232196
2021-10-17,4.258092800905004
2021-10-18,-3.0697851508306897
2021-10-19,2.410315593902773
2021-10-20,14.90337051226389
2021-10-21,8.430898824283823
2021-10-22,-6.434137119570757
2021-10-23,-8.044669337785251
2021-10-24,-1.2346424742856286
2021-10-25,14.500458228016925
2021-10-26,2.1452828058182547
2021-10-27,0.1486658424367704
2021-10-28,-12.670369443218078
2021-10-29,22.20050342498925
2021-10-30,-12.374980128345442
2021-10-31,-8.95624310207981
2021-11-01,13.095322590108573
2021-11-02,2.5110570481703007
2021-11-03,5.147362651727924
2021-11-04,-2.257009214786411
2021-11-05,8.266420808385863
2021-11-06,5.622824205883951
2021-11-07,0.18857337771416383
2021-11-08,2.8280118099597473
2021-11-09,16.087900212602825
2021-11-10,-9.191636569749917
2021-11-11,17.250141297831107
2021-11-12,28.83461718526739
2021-11-13,-16.21725918397577
2021-11-14,-1.0922843144102075
2021-11-15,7.630864728998986
2021-11-16,-10.64694563968402
2021-11-17,-1.9610868422153942
2021-11-18,32.417821164290736
2021-11-19,-18.921793510609646
2021-11-20,23.110662899919106
2021-11-21,-12.259196044216438
2021-11-22,-6.016335986205554
2021-11-23,5.1462507951420235
2021-11-24,14.836432935736582
2021-11-25,16.271690102246907
2021-11-26,-18.54441789675988
2021-11-27,-0.6649628626030619
2021-11-28,3.2443176394810322
2021-11-29,4.210911210412618
2021-11-30,-15.91896539157522
2021-12-01,6.30940991732345
2021-12-02,-5.38033504923645
2021-12-03,10.531934009676988
2021-12-04,3.5607451855795063
2021-12-05,-7.341871788159686
2021-12-06,9.164620493085053
2021-12-07,12.037264391436977
2021-12-08,30.88241666026974
2021-12-09,7.438848519083535
2021-12-10,-4.61599638241384
2021-12-11,17.7447243330586
2021-12-12,-40.2735802969566
2021-12-13,6.710551294444883
2021-12-14,7.8451309751599325
2021-12-15,0.43572761353854617
2021-12-16,6.9902583047990845
2021-12-17,-11.214106732166016
2021-12-18,27.387511794930518
2021-12-19,-27.33962835969843
2021-12-20,8.16238102659291
2021-12-21,36.391421102533954
2021-12-22,12.201149504266027
2021-12-23,20.68941197075432
2021-12-24,-27.963084406086182
2021-12-25,16.281413451028328
2021-12-26,-23.180016748173998
2021-12-27,4.5374667009700005
2021-12-28,2.2332116378027536
2021-12-29,-3.029389074070963
2021-12-30,0.6431960439763458
2021-12-31,-3.4066711593421672
2022-01-01,26.78418139595378
2022-01-02,0.1784059140857437
2022-01-03,-36.3963057836685
2022-01-04,-16.100557396885705
2022-01-05,-1.5816529104062056
2022-01-06,-24.93618911102186
2022-01-07,14.085820323448694
2022-01-08,-5.891963578548385
2022-01-09,9.882030928521829
2022-01-10,-16.29299855362609
2022-01-11,-25.52921553033159
2022-01-12,-7.580417198163971
2022-01-13,7.186232232474396
2022-01-14,4.054004772088547
2022-01-15,106.24884709461425
2022-01-16,-40.35205755119895
2022-01-17,-12.114252702305492
2022-01-18,-12.649455019560321
2022-01-19,3.7115889589414053
2022-01-20,19.912347558514867
2022-01-21,-26.39995402856674
2022-01-22,-12.066298609646921
2022-01-23,-4.076878529346164
2022-01-24,-17.18286850553595
2022-01-25,-11.235500337421534
2022-01-26,-6.452209141287383
2022-01-27,-12.603346139415095
2022-01-28,-4.588323061353684
2022-01-29,0.13684221833919707
2022-01-30,9.667447073699776
2022-01-31,-6.4922235387435165
2022-02-01,6.492876387605406
2022-02-02,-0.04702525213438946
2022-02-03,-4.494332358982682
2022-02-04,-7.556945620499093
2022-02-05,-12.722889716043042
2022-02-06,-17.032150546184127
2022-02-07,4.52474476226655
2022-02-08,5.897141703536647
2022-02-09,-14.954679778177336
2022-02-10,1.2094016310215565
2022-02-11,-11.263018126458537
2022-02-12,34.37251926738546
2022-02-13,-22.634274280795545
2022-02-14,-7.158649011029581
2022-02-15,-6.465263491965267
2022-02-16,-8.387133778171119
2022-02-17,80.63701701724169
2022-02-18,-34.51023523497432
2022-02-19,-19.535692363263912
2022-02-20,3.224054046025479
2022-02-21,-4.282374180302071
2022-02-22,-0.8428552011281454
2022-02-23,18.1819948536763
2022-02-24,-13.239399000961555
2022-02-25,3.637008513484581
2022-02-26,-3.3682593565920698
2022-02-27,-7.361781503943334
2022-02-28,-19.60906627019206
2022-03-01,-9.3594303380263
2022-03-02,12.443208285638605
2022-03-03,-6.199832691834345
2022-03-04,-9.273452489612623
2022-03-05,-5.335455734564825
2022-03-06,4.375974540166148
2022-03-07,44.42294020552297
2022-03-08,-36.545227932368775
2022-03-09,-6.839595831292854
2022-03-10,-5.537326065986264
2022-03-11,33.73860015354462
2022-03-12,-18.663506423950068
2022-03-13,-11.015263325027583
2022-03-14,0.7568505542491408
2022-03-15,19.11038560411143
2022-03-16,-1.132132509935417
2022-03-17,-14.406938990050833
2022-03-18,71.77772804073135
2022-03-19,-11.898553177815671
2022-03-20,-12.878311425941583
2022-03-21,-11.17835282701526
2022-03-22,33.645633456575766
2022-03-23,43.555092587349336
2022-03-24,-42.04230037343521
2022-03-25,-21.31285124231954
2022-03-26,-8.074349843807298
2022-03-27,-4.727331819497465
2022-03-28,-0.7364681118849177
2022-03-29,2.146984708281039
2022-03-30,56.6007465213203
2022-03-31,-31.550902011910225
2022-04-01,0.261514861077373
2022-04-02,2.512309121789457
2022-04-03,-9.163960340896594
2022-04-04,-7.685604659359292
2022-04-05,11.59744085249892
2022-04-06,30.788324662184763
2022-04-07,-24.436333383898713
2022-04-08,47.882717350964754
2022-04-09,-18.544955407003783
2022-04-10,-23.59723155901986
2022-04-11,1.2656227025552198
2022-04-12,-7.562293576507159
2022-04-13,-4.397516830328954
2022-04-14,3.649344583546835
2022-04-15,1.8273067373245127
2022-04-16,3.955442521859638
2022-04-17,-2.8591000019155217
2022-04-18,6.698072449053065
2022-04-19,-9.537263116987141
2022-04-20,-5.64312695996847
2022-04-21,13.526138222499846
2022-04-22,9.492085571131739
2022-04-23,-13.648714119341825
2022-04-24,-7.396629740870658
2022-04-25,4.134344554986399
2022-04-26,-12.462226867982821
2022-04-27,-0.06085811980270961
2022-04-28,-12.391733745443972
2022-04-29,-5.868350651797222
2022-04-30,6.495388497696432
2022-05-01,3.01599762755432
2022-05-02,-6.25009079895738
2022-05-03,1.85245891302732
2022-05-04,40.77094245480491
2022-05-05,-15.347896522158933
2022-05-06,4.6933690854645675
2022-05-07,-7.431106151769114
2022-05-08,15.437052023413386
2022-05-09,12.253965695882243
2022-05-10,-3.934057694844398
2022-05-11,1.2736960474614563
2022-05-12,-8.221504270106998
2022-05-13,1.7801550725565676
2022-05-14,-8.600102539694248
2022-05-15,-10.930546420930085
2022-05-16,4.046821288860173
2022-05-17,-6.108638067747364
2022-05-18,10.981151770058048
2022-05-19,1.2470087185838992
2022-05-20,7.810154086555812
2022-05-21,-2.8952929812125205
2022-05-22,13.175452510067252
2022-05-23,-14.015099413224142
2022-05-24,-20.878194478938035
2022-05-25,8.978380909009289
2022-05-26,-6.927335219892456
2022-05-27,23.799664551938207
2022-05-28,-5.2058599801014225
2022-05-29,-17.994188991509006
2022-05-30,3.677183920825833
2022-05-31,3.893868501803965
2022-06-01,10.906324828560578
2022-06-02,-17.53541909409673
2022-06-03,-12.913815231189389
2022-06-04,-20.348595108840406
2022-06-05,-9.502437400791074
2022-06-06,-11.207299100740428
2022-06-07,19.388029055737782
2022-06-08,8.216949410683348
2022-06-09,-5.096820379736521
2022-06-10,-9.903218653008757
2022-06-11,-7.5901172282208975
2022-06-12,19.152645351240167
2022-06-13,29.45460924034512
2022-06-14,0.9871812313102879
2022-06-15,0.9479917242288991
2022-06-16,63.87892698887042
2022-06-17,-0.9292288794909922
2022-06-18,-22.1459739193943
2022-06-19,-24.97915930805128
2022-06-20,-7.0723244054923455
2022-06-21,-3.6173179646266505
2022-06-22,3.0267527282968985
2022-06-23,-0.7419789783069461
2022-06-24,6.555703328393278
2022-06-25,-17.84249439826244
2022-06-26,-10.213637937531772
2022-06-27,-4.718898763743574
2022-06-28,-1.5914364790970623
2022-06-29,-15.42694328468204
2022-06-30,-10.993840976771537
2022-07-01,-12.23834821861007
2022-07-02,8.58032649842579
2022-07-03,-10.990775284168542
2022-07-04,3.6256274797306958
2022-07-05,5.3347782755476345
2022-07-06,1.8795349883223267
2022-07-07,-12.993761510956304
2022-07-08,10.447013237216552
2022-07-09,2.422981674195235
2022-07-10,-15.830611443131389
2022-07-11,-9.157078005462843
2022-07-12,3.7319988345953163
2022-07-13,11.252002054822427
2022-07-14,-12.4745359599928
2022-07-15,-8.234769706106079
2022-07-16,35.836121893716175
2022-07-17,23.311462121930603
2022-07-18,10.381101464003905
2022-07-19,-13.905931905847766
2022-07-20,-1.5801338016597555
2022-07-21,22.83364510491021
2022-07-22,-3.284681661205582
2022-07-23,-10.281496210155836
2022-07-24,-8.86777617711546
2022-07-25,-4.163580984585749
2022-07-26,-1.4176570760903644
2022-07-27,-13.01918877805457
2022-07-28,-8.665606517964868
2022-07-29,-8.399619668041375
2022-07-30,14.120608405872957
2022-07-31,-6.340282534694829
2022-08-01,-16.057085220967146
2022-08-02,-8.920752704972386
2022-08-03,3.252344451334814
2022-08-04,10.60619947156156
2022-08-05,18.097248627227856
2022-08-06,-1.4272699992744435
2022-08-07,-4.584286740059348
2022-08-08,-1.065681634401784
2022-08-09,-4.28657070881588
2022-08-10,-6.818658820168544
2022-08-11,-11.063599829178784
2022-08-12,-4.314732916196817
2022-08-13,-3.5435862438294734
2022-08-14,-10.46350914967838
2022-08-15,-1.2753064761246762
2022-08-16,4.140978808342105
2022-08-17,-8.04766812608171
2022-08-18,-9.420873799661159
2022-08-19,2.172543979823004
2022-08-20,-7.878987214519178
2022-08-21,-3.315294783970323
2022-08-22,3.1636354921220047
2022-08-23,-6.209767087806426
2022-08-24,-3.1360094714235913
2022-08-25,4.910866989623919
2022-08-26,-9.866208040310823
2022-08-27,-1.4203253643474838
2022-08-28,-11.338620064953695
2022-08-29,0.3237298290630122
2022-08-30,9.955056706102411
2022-08-31,-0.2636829458550949
2022-09-01,2.9693643099546563
2022-09-02,-7.1938955521415835
2022-09-03,1.349166233666537
2022-09-04,7.2073695019921615
2022-09-05,-1.6934592085710243
2022-09-06,0.7243685084702776
2022-09-07,-6.448510043317484
2022-09-08,12.474508977414715
2022-09-09,0.8919564233086703
2022-09-10,-3.8637867667586363
2022-09-11,-8.13097982566628
2022-09-12,0.5286938363488431
2022-09-13,-6.658039041419109
2022-09-14,2.7868644958388487
2022-09-15,-4.332457034812293
2022-09-16,-3.2870903892875454
2022-09-17,-8.984979005785181
2022-09-18,-3.0061934516602875
2022-09-19,4.246913479600096
2022-09-20,2.6604174431629133
2022-09-21,-3.0546305973232464
2022-09-22,0.464807175618958
2022-09-23,3.2000266354370908
2022-09-24,0.3639080530537271
2022-09-25,-3.298898151979401
2022-09-26,7.623186794075352
2022-09-27,-1.346806597593897
2022-09-28,5.856303085659967
2022-09-29,7.2986130264766444
2022-09-30,0.032562580129521734
2022-10-01,-0.10065731551597423
2022-10-02,-2.0003367512299306
2022-10-03,-2.8304354391535753
2022-10-04,-3.9007449957383713
2022-10-05,-2.8710734394881356
2022-10-06,4.188890231238588
2022-10-07,-8.160934119602217
2022-10-08,5.797331980629778
2022-10-09,4.5516479645402725
2022-10-10,9.27464648906475
2022-10-11,11.177663798838964
2022-10-12,9.542819094707212
2022-10-13,11.430254026012761
2022-10-14,-16.370647168789915
2022-10-15,-18.699280451127592
2022-10-16,-10.261488919564695
2022-10-17,-3.7200763294637333
2022-10-18,-2.6123101243384426
2022-10-19,3.764970629853515
2022-10-20,21.93890658834873
2022-10-21,19.697133012586164
2022-10-22,-13.201272886382014
2022-10-23,-4.451316919664777
2022-10-24,5.620095102375963
2022-10-25,3.938428398027284
2022-10-26,3.1499397718236395
2022-10-27,-1.8150094382998105
2022-10-28,13.053761923858787
2022-10-29,-17.587367605468387
2022-10-30,11.299273799360947
2022-10-31,-19.902290188629607
2022-11-01,-4.094779642745753
2022-11-02,26.392755007360684
2022-11-03,-2.9398770724841583
2022-11-04,12.207826621564962
2022-11-05,-25.095083059445628
2022-11-06,-0.9401302380130261
2022-11-07,43.16773035246845
2022-11-08,-17.951827949339275
2022-11-09,1.8894863002456574
2022-11-10,9.018518685589257
2022-11-11,7.663751692984846
2022-11-12,-12.732868691419917
2022-11-13,-4.763586819774247
2022-11-14,6.434947618646078
2022-11-15,10.220687783544804
2022-11-16,-3.348417086957035
2022-11-17,5.464788773182967
2022-11-18,-8.218611631161785
2022-11-19,-4.303068765112691
2022-11-20,5.712032115144325
2022-11-21,1.0166364809467936
2022-11-22,-5.7400695868324725
2022-11-23,-0.6335178522979952
2022-11-24,-0.4703208558422318
2022-11-25,-0.4852206644752002
2022-11-26,16.13842188102631
2022-11-27,29.778633600834397
2022-11-28,10.850019991105512
2022-11-29,24.953640798754293
2022-11-30,38.85005915138517
2022-12-01,-29.743420056243842
2022-12-02,0.06413720772835774
2022-12-03,9.003532943251521
2022-12-04,-13.505366855407676
2022-12-05,34.540256341050416
2022-12-06,42.631261802269606
2022-12-07,20.373129201266792
2022-12-08,42.037201335036656
2022-12-09,62.13169293460636
2022-12-10,-32.733792283592464
2022-12-11,15.867655102536446
2022-12-12,21.154343958046795
2022-12-13,23.7319768307147
2022-12-14,-27.280033039773343
2022-12-15,34.14302471351489
2022-12-16,-27.286597896789033
2022-12-17,-10.149404858185889
2022-12-18,-27.53108379482733
2022-12-19,-13.767164067858623
2022-12-20,4.089636747531486
2022-12-21,-13.28614657702385
2022-12-22,1.0247612377024211
2022-12-23,1.0698183202837654
2022-12-24,-17.87990762224686
2022-12-25,-6.679843868194254
2022-12-26,-22.586085072956465
2022-12-27,-0.4720665377660964
2022-12-28,18.555431207853985
2022-12-29,2.8531659312887143
2022-12-30,-5.821547722971346
2022-12-31,18.259676203691527
2023-01-01,19.796442773552158
2023-01-02,-17.605730880597946
2023-01-03,-4.322804674881297
2023-01-04,12.153897791955515
2023-01-05,-18.199678426126667
2023-01-06,13.273086505801082
2023-01-07,-6.681422039343644
2023-01-08,-12.267410771541009
2023-01-09,-2.5964162794249432
2023-01-10,8.433917439174493
2023-01-11,9.469238312550601
2023-01-12,19.02294921034803
2023-01-13,-48.78249214344859
2023-01-14,11.6877386605926
2023-01-15,-28.391884909516534
2023-01-16,3.0196015601396766
2023-01-17,-22.006119870677452
2023-01-18,20.69194208115796
2023-01-19,-35.48252046205015
2023-01-20,1.7524686339141908
2023-01-21,-9.126278274748053
2023-01-22,-30.511189827700754
2023-01-23,-7.350954535511775
2023-01-24,-9.271702380602754
2023-01-25,-22.608537267162234
2023-01-26,2.03557936575433
2023-01-27,-8.10218127352936
2023-01-28,-2.3004492358830078
2023-01-29,-5.981142809856436
2023-01-30,6.11737462566569
2023-01-31,-15.264771457227962
2023-02-01,-5.148372146896879
2023-02-02,2.63914651377506
2023-02-03,-0.5544441587574269
2023-02-04,-3.2420233258579287
2023-02-05,4.190397400515437
2023-02-06,20.170235379356157
2023-02-07,-16.095130797458367
2023-02-08,0.5302665052589788
2023-02-09,-9.611350743958596
2023-02-10,10.928180807735103
2023-02-11,-25.797254152892457
2023-02-12,-9.639386266953643
2023-02-13,4.8564775218895875
2023-02-14,-2.6371180548190125
2023-02-15,7.932849593157158
2023-02-16,39.898706325724476
2023-02-17,-43.83791037076621
2023-02-18,-9.01514967670579
2023-02-19,-6.435782931897862
2023-02-20,11.477699033119933
2023-02-21,5.523709423627793
2023-02-22,18.298706850422917
2023-02-23,-11.872996534524589
2023-02-24,12.481744630746817
2023-02-25,8.592285885757605
2023-02-26,-3.234701984607902
2023-02-27,16.798156767363494
2023-02-28,21.29667308028435
2023-03-01,-1.1774093393210734
2023-03-02,-11.550755139875946
2023-03-03,74.0831491420666
2023-03-04,-31.74889290178004
2023-03-05,-8.925539214666323
2023-03-06,10.625496429118478
2023-03-07,17.33691763939433
2023-03-08,-5.716389316289323
2023-03-09,0.22872304744744554
2023-03-10,-2.2777323860374707
2023-03-11,-19.208126823186348
2023-03-12,-4.685437694055594
2023-03-13,-9.21582216911574
2023-03-14,-2.054678032377822
2023-03-15,-9.187245676117772
2023-03-16,6.536316920674352
2023-03-17,7.057809776923854
2023-03-18,-20.72234271608862
2023-03-19,6.210484132968794
2023-03-20,-8.392351407859856
2023-03-21,-4.696828897006455
2023-03-22,20.80853731003137
2023-03-23,-2.74145189364188
2023-03-24,19.32537397684993
2023-03-25,-19.91951288404522
2023-03-26,15.655967050641195
2023-03-27,2.237800509594095
2023-03-28,6.157511807216025
2023-03-29,-20.002376152772747
2023-03-30,10.706664685096626
2023-03-31,58.92511978810322
2023-04-01,-14.223261005746863
2023-04-02,-3.310434522572507
2023-04-03,0.39033575878360693
2023-04-04,5.672886988679551
2023-04-05,44.52254983925204
2023-04-06,-53.50726529886302
2023-04-07,-12.570586763159334
2023-04-08,0.9873741524648239
2023-04-09,-10.497642361110607
2023-04-10,-12.5708978431337
2023-04-11,-4.236309599477792
2023-04-12,-2.527976020274714
2023-04-13,-12.499078766858553
2023-04-14,13.383035604310692
2023-04-15,-7.191648115826197
2023-04-16,5.490615070577178
2023-04-17,3.5472548379947426
2023-04-18,-9.477068337563622
2023-04-19,0.1840892659231841
2023-04-20,0.9921534632352405
2023-04-21,5.662689537977734
2023-04-22,-7.953909987427728
2023-04-23,-9.402483141127519
2023-04-24,-6.751902502236781
2023-04-25,-11.198014534726177
2023-04-26,22.501809989167043
2023-04-27,-4.119291837490131
2023-04-28,-7.49924192120568
2023-04-29,-9.28107688032948
2023-04-30,-3.110051726220547
2023-05-01,3.4328437827402922
2023-05-02,8.104928645399717
2023-05-03,12.174857511250906
2023-05-04,16.061646489404623
2023-05-05,7.842588860314734
2023-05-06,16.95932715331061
2023-05-07,2.90066596570594
2023-05-08,0.7012700661773934
2023-05-09,-2.461110761380681
2023-05-10,-8.595543540677937
2023-05-11,12.4384392593471
2023-05-12,24.881814241065577
2023-05-13,-31.773800945580163
2023-05-14,-0.5961550751864166
2023-05-15,8.224767298915474
2023-05-16,-11.153557473526362
2023-05-17,7.592964200584731
2023-05-18,-13.589399856568022
2023-05-19,1.6577278366402908
2023-05-20,-4.111967029143258
2023-05-21,-17.7517503496234
2023-05-22,9.724354158011906
2023-05-23,-4.682061164371895
2023-05-24,-0.10840089965911659
2023-05-25,-11.535719484289459
2023-05-26,-4.1055275974585115
2023-05-27,15.297665656784865
2023-05-28,-22.25906214976026
2023-05-29,-15.728856983113253
2023-05-30,-7.139515458588058
2023-05-31,3.8654452680713405
2023-06-01,-4.581449166608067
2023-06-02,-2.712248218235395
2023-06-03,4.367691270614323
2023-06-04,-11.605820246266823
2023-06-05,1.2065176325318703
2023-06-06,-5.741866401622843
2023-06-07,2.1665710080616805
2023-06-08,-0.7480373712381834
2023-06-09,10.326076077157587
2023-06-10,1.2421227011651155
2023-06-11,7.156988833203172
2023-06-12,2.375111548263611
2023-06-13,4.80262896613695
2023-06-14,10.902965407259856
2023-06-15,16.831733128874333
2023-06-16,6.178947042814514
2023-06-17,4.459991626347417
2023-06-18,-4.0332116281958434
2023-06-19,-5.300537764358083
2023-06-20,2.758934385654257
2023-06-21,12.742120157407953
2023-06-22,-0.7056857389789286
2023-06-23,5.302815370871542
2023-06-24,-13.783922904298898
2023-06-25,-8.632272989487312
2023-06-26,-3.730707023363415
2023-06-27,10.8019625089281
2023-06-28,6.273441307895538
2023-06-29,-0.3052637462663128
2023-06-30,-12.434081251646305
2023-07-01,1.5179757482734217
2023-07-02,-11.53830307027495
2023-07-03,-4.195057944171296
2023-07-04,-1.5692290765008892
2023-07-05,-0.43848191283835547
2023-07-06,-9.388669667903997
2023-07-07,-2.826863363185609
2023-07-08,3.8246069117160957
2023-07-09,-10.809489248134724
2023-07-10,4.652329052703479
2023-07-11,2.9706050756527915
2023-07-12,-4.085089142335683
2023-07-13,-1.3946845996637691
2023-07-14,9.383945045843973
2023-07-15,8.65353046529549
2023-07-16,13.636422735445066
2023-07-17,-0.11984566641977779
2023-07-18,14.9747530908759
2023-07-19,15.962527898507552
2023-07-20,-0.24796186481778193
2023-07-21,-3.9202305983822896
2023-07-22,-1.2300435884498313
2023-07-23,-1.1749269314295887
2023-07-24,-1.640057590122744
2023-07-25,-5.056342201009528
2023-07-26,6.829049348396985
2023-07-27,38.47782669731035
2023-07-28,-25.994549852078663
2023-07-29,-3.642623865988945
2023-07-30,2.556161081337912
2023-07-31,-4.235418748670135
2023-08-01,-5.745894265774538
2023-08-02,15.99824370018964
2023-08-03,-12.24325725520682
2023-08-04,-1.3181264340501002
2023-08-05,8.56376079078904
2023-08-06,-11.85880508595912
2023-08-07,26.942095528486732
2023-08-08,-12.960717290253534
2023-08-09,4.244322821420056
2023-08-10,-1.3210618532839575
2023-08-11,13.503284639645045
2023-08-12,7.092740103440818
2023-08-13,-16.36969521023172
2023-08-14,-2.181511127112671
2023-08-15,0.2394914756682951
2023-08-16,21.720742094951348
2023-08-17,5.366192243417686
2023-08-18,-21.87990485532778
2023-08-19,37.80336258881777
2023-08-20,18.00725681315042
2023-08-21,-30.28320739244375
2023-08-22,-3.408839065998933
2023-08-23,-21.992266457898502
2023-08-24,3.0886519272781285
2023-08-25,3.110947519075964
2023-08-26,-13.19444972942533
2023-08-27,-18.966682782523883
2023-08-28,-24.786171283879767
2023-08-29,6.298051715328143
2023-08-30,-16.192772568250902
2023-08-31,-17.592949146188772
2023-09-01,-0.9829295203617363
2023-09-02,-5.957778792365417
2023-09-03,-2.18721293758108
2023-09-04,-5.288135338997073
2023-09-05,7.19782477425408
2023-09-06,-3.14021757154309
2023-09-07,-8.093296152929021
2023-09-08,-6.85140049099121
2023-09-09,-6.012564184262374
2023-09-10,-9.518066345842314
2023-09-11,-0.3809005500906366
2023-09-12,0.27931386356808474
2023-09-13,-2.2136902903434574
2023-09-14,-1.767156972209328
2023-09-15,1.2677231105099835
2023-09-16,-9.786021450562707
2023-09-17,-9.894602974309446
2023-09-18,-2.1365569897131564
2023-09-19,-9.012510225503455
2023-09-20,-3.368643184843968
2023-09-21,2.827574462216589
2023-09-22,7.816954686621003
2023-09-23,-4.652871056971961
2023-09-24,-4.280594885401243
2023-09-25,1.1618452217895765
2023-09-26,-4.252058704362007
2023-09-27,-2.1131937655578312
2023-09-28,-1.7539651285612905
2023-09-29,-1.4923267379510534
2023-09-30,7.561900037318651
2023-10-01,-9.993762265990064
2023-10-02,1.4971220878401823
2023-10-03,7.939634208910945
2023-10-04,-8.314810026430195
2023-10-05,2.7560681598062757
2023-10-06,-7.612772643344769
2023-10-07,0.3956975291768785
2023-10-08,-11.222514738939196
2023-10-09,-1.5285162768903504
2023-10-10,-8.666689830534246
2023-10-11,-10.851303637949783
2023-10-12,5.644093470553017
2023-10-13,6.685003165270643
2023-10-14,-0.28535704234553805
2023-10-15,13.317503424271266
2023-10-16,3.5574613323271365
2023-10-17,27.245733858783453
2023-10-18,-15.495131439499502
2023-10-19,40.89541731270768
2023-10-20,11.194806002079389
2023-10-21,-5.454189988753285
2023-10-22,-3.4146412058145614
2023-10-23,16.854156882486095
2023-10-24,1.6076686986233142
2023-10-25,2.729782116526785
2023-10-26,-0.872065076744029
2023-10-27,5.115338456654598
2023-10-28,-7.23554968915267
2023-10-29,-6.025109067788598
2023-10-30,-2.0870928717726045
2023-10-31,-13.553418217434633
2023-11-01,-23.59855985740458
2023-11-02,6.887482884055856
2023-11-03,7.896262249744197
2023-11-04,17.914344895514233
2023-11-05,-11.15255852147019
2023-11-06,8.514369249196733
2023-11-07,22.781614354816412
2023-11-08,6.423793751978295
2023-11-09,-19.245520410285664
2023-11-10,-20.794825619934684
2023-11-11,-6.122154942163668
2023-11-12,-8.129535702157824
2023-11-13,-13.417213901988493
2023-11-14,2.120088871574623
2023-11-15,6.847680468414936
2023-11-16,31.01753613403868
2023-11-17,45.44383593337625
2023-11-18,-0.12358647979490911
2023-11-19,-21.932587751641123
2023-11-20,19.68075895659271
2023-11-21,-22.817470033881932
2023-11-22,-8.203639626864145
2023-11-23,-15.683825521337972
2023-11-24,5.074180641245341
2023-11-25,-0.513868947475288
2023-11-26,-1.5449049616685357
2023-11-27,0.17474658088662665
2023-11-28,0.9851147219158136
2023-11-29,-27.213727170311355
2023-11-30,-10.806895249004768
2023-12-01,29.01613934114397
2023-12-02,23.911478012440725
2023-12-03,32.370510457233024
2023-12-04,46.851690282165066
2023-12-05,40.18731737424466
2023-12-06,-4.884972631006306
2023-12-07,-30.658726369196017
2023-12-08,19.331445613932402
2023-12-09,25.94707126892348
2023-12-10,-18.43940892439913
2023-12-11,-18.67137302145693
2023-12-12,50.42112384128126
2023-12-13,-41.93395590552291
2023-12-14,-7.849899018143475
2023-12-15,-0.6789674516789574
2023-12-16,-4.069301565792614
2023-12-17,22.802752770330542
2023-12-18,8.811519272491225
2023-12-19,15.383612954049724
2023-12-20,29.423688704336328
2023-12-21,14.688937862068357
2023-12-22,0.5622598701903598
2023-12-23,-7.886055986524269
2023-12-24,-25.944559072110337
2023-12-25,3.503387522218574
2023-12-26,-23.24228127058825
2023-12-27,11.653128559317992
2023-12-28,-14.808352073790886
2023-12-29,5.877757216774498
2023-12-30,-0.9427098816135526
2023-12-31,-11.726929329385229
2024-01-01,64.54249259878821
2024-01-02,-44.196604933657056
2024-01-03,-20.955620162369684
2024-01-04,-21.890529167858666
2024-01-05,-17.056408880343184
2024-01-06,16.487441607141974
2024-01-07,2.4994566047783167
2024-01-08,-9.16979590831896
2024-01-09,35.70454129727858
2024-01-10,28.95617587014152
2024-01-11,-0.20469741985550627
2024-01-12,116.98801885102904
2024-01-13,-43.89360674386532
2024-01-14,-9.31115651153786
2024-01-15,-20.97420199023729
2024-01-16,-25.664068790020522
2024-01-17,-16.940213798754634
2024-01-18,4.119552630308078
2024-01-19,-6.733194494093965
2024-01-20,-16.813448169339665
2024-01-21,-15.934406592485757
2024-01-22,-16.539973665585833
2024-01-23,21.614205251889715
2024-01-24,-17.97411049022422
2024-01-25,-19.02942518497821
2024-01-26,-7.844000092506171
2024-01-27,-8.061235504936633
2024-01-28,-20.948501726645176
2024-01-29,-3.1342077357869584
2024-01-30,-5.519875798150849
2024-01-31,31.05616959602912
2024-02-01,-22.9711480074306
2024-02-02,1.0271921624298415
2024-02-03,-17.217122662111294
2024-02-04,-24.284419678681928
2024-02-05,-18.66090094459043
2024-02-06,-6.169788406300299
2024-02-07,2.336823380158407
2024-02-08,11.14831269334313
2024-02-09,2.4313463702903277
2024-02-10,8.282497749837233
2024-02-11,-21.49380383996578
2024-02-12,-18.52377118104461
2024-02-13,2.4796577646772135
2024-02-14,17.42333696982415
2024-02-15,9.980916792392449
2024-02-16,-43.97200481405892
2024-02-17,-3.0698653288363573
2024-02-18,7.887014416244405
2024-02-19,27.877412044640934
2024-02-20,25.65543212499672
2024-02-21,-18.056708216272327
2024-02-22,1.5128364088799202
2024-02-23,11.506920566936188
2024-02-24,-0.7244922598591756
2024-02-25,-14.372608743943417
2024-02-26,25.607885647380527
2024-02-27,19.662301313201255
2024-02-28,38.89281726290264
2024-02-29,-22.1959582905088
2024-03-01,12.004371743439364
2024-03-02,-10.347344640255002
2024-03-03,-2.2910575335689884
2024-03-04,0.5807840691179678
2024-03-05,-7.923507780322822
2024-03-06,10.586574271384592
2024-03-07,-1.4068895980490623
2024-03-08,3.5667321930622222
2024-03-09,-24.353283375380258
2024-03-10,-52.342119632453326
2024-03-11,32.55975671195968
2024-03-12,-1.9170230592959854
2024-03-13,-22.829242467185523
2024-03-14,6.176817557856637
2024-03-15,12.581181166513915
2024-03-16,-2.6318571043541397
2024-03-17,-14.777713372553578
2024-03-18,-11.76681907982384
2024-03-19,5.202983391584333
2024-03-20,-11.74147123302518
2024-03-21,-5.195274967371603
2024-03-22,46.08057362290279
2024-03-23,-4.955866461497223
2024-03-24,-23.4576874255713
2024-03-25,1.7362076055217983
2024-03-26,-1.2955600471309765
2024-03-27,24.39415575914593
2024-03-28,0.1967549973331444
2024-03-29,-18.67384674672404
2024-03-30,-1.4032760076410042
2024-03-31,1.5094080867232478
2024-04-01,28.054630376356087
2024-04-02,39.07933208961302
2024-04-03,-50.210834008579994
2024-04-04,-15.05001559166557
2024-04-05,4.348341868041501
2024-04-06,-2.616798674305457
2024-04-07,10.049030038264931
2024-04-08,6.910528572837592
2024-04-09,20.3719086861132
2024-04-10,21.853080148671438
2024-04-11,-46.96202336387426
2024-04-12,8.055475848820869
2024-04-13,3.2451236500089493
2024-04-14,-14.855423102448192
2024-04-15,-2.3929408909208547
2024-04-16,9.553982873508787
2024-04-17,13.534846292983048
2024-04-18,2.5692674947257075
2024-04-19,6.62534428597364
2024-04-20,11.170867540364057
2024-04-21,-28.791815785441656
2024-04-22,-6.861842430439658
2024-04-23,-1.1015036881035272
2024-04-24,5.190673535411591
2024-04-25,4.354728574547067
2024-04-26,4.153432252186818
2024-04-27,5.9904714834743515
2024-04-28,6.152999907281952
2024-04-29,3.4493653004903706
2024-04-30,6.908203438905161
2024-05-01,-5.598225942819184
2024-05-02,8.998633630144795
2024-05-03,14.182985136239324
2024-05-04,-15.58728778227465
2024-05-05,-4.028625583836629
2024-05-06,-4.315213243672176
2024-05-07,17.409717559056446
2024-05-08,-2.9659976274138984
2024-05-09,15.806196958171597
2024-05-10,22.6822292987858
2024-05-11,11.381774697097839
2024-05-12,-17.30641320330102
2024-05-13,8.31445431915779
2024-05-14,-7.652703262525819
2024-05-15,6.311768964467731
2024-05-16,-5.966499772348044
2024-05-17,-19.41607658703539
2024-05-18,-19.24846236857973
2024-05-19,-7.676076775920436
2024-05-20,8.839230847259628
2024-05-21,-5.383406412765737
2024-05-22,2.345620750275174
2024-05-23,8.62973170557477
2024-05-24,17.97220496820472
2024-05-25,10.61935109770026
2024-05-26,0.3808905811878134
2024-05-27,18.098373132449638
2024-05-28,21.666891787189485
2024-05-29,-10.468558334924808
2024-05-30,-16.954690571093096
2024-05-31,-44.99788148680314
2024-06-01,-10.216763925353874
2024-06-02,-27.52084956889985
2024-06-03,-47.96968319450421
2024-06-04,19.66294221628189
2024-06-05,16.29522075944773
2024-06-06,36.983950375816875
2024-06-07,-17.425033867400387
2024-06-08,3.8774105366536062
2024-06-09,-0.2962441157914242
2024-06-10,-3.3183956701639445
2024-06-11,-4.109281855512791
2024-06-12,-5.574606493075194
2024-06-13,-1.9692053514669823
2024-06-14,-4.977663248176206
2024-06-15,-8.457868764703719
2024-06-16,-7.522606310511847
2024-06-17,-4.935496720972935
2024-06-18,-1.9999929532233125
2024-06-19,-8.038591558226884
2024-06-20,-0.831040069694648
2024-06-21,5.9001611935807645
2024-06-22,-23.654383494006403
2024-06-23,-4.851937670095829
2024-06-24,-5.4243420870186085
2024-06-25,7.43460872130273
2024-06-26,4.701220991829999
2024-06-27,-2.976737626964116
2024-06-28,3.5022668795549166
2024-06-29,11.919398915560329
2024-06-30,2.054411816024036
2024-07-01,11.924411590514616
2024-07-02,13.485138963145808
2024-07-03,9.061010950210758
2024-07-04,1.412623840950424
2024-07-05,22.691283526153832
2024-07-06,15.576750023663294
2024-07-07,-0.16412768692536872
2024-07-08,-5.699204118646989
2024-07-09,-3.540803626220921
2024-07-10,-3.7175550040234953
2024-07-11,4.726961796925835
2024-07-12,3.8083071943194398
2024-07-13,35.26100420384269
2024-07-14,18.9115156863977
2024-07-15,-14.58314541094579
2024-07-16,18.676940884968744
2024-07-17,-8.168884558565871
2024-07-18,-0.7070317394791488
2024-07-19,12.11674533172242
2024-07-20,13.428407893271775
2024-07-21,-16.97102447983071
2024-07-22,-1.1838598208290207
2024-07-23,-2.943471982594758
2024-07-24,-1.1250207322965977
2024-07-25,2.2683246395071635
2024-07-26,1.3653776268946203
2024-07-27,-4.48803589796583
2024-07-28,-6.4780416816103
2024-07-29,8.29240136150166
2024-07-30,2.5555291461101675
2024-07-31,54.22218616137435
2024-08-01,34.236599306357576
2024-08-02,-4.450111680961811
2024-08-03,-10.909007816422772
2024-08-04,3.024280443795
2024-08-05,0.4657585902254766
2024-08-06,0.3737563879140211
2024-08-07,-12.125735376133356
2024-08-08,1.1570633028003101
2024-08-09,-0.835273309201412
2024-08-10,-2.7823646644373596
2024-08-11,-24.694748826380682
2024-08-12,-20.804577022620848
2024-08-13,-4.569723521989026
2024-08-14,-4.168316215823182
2024-08-15,-1.4173714074523218
2024-08-16,-17.232724655494792
2024-08-17,-11.078921504204942
2024-08-18,-8.995417207316969
2024-08-19,-6.961002033956568
2024-08-20,-10.966426999268215
2024-08-21,-1.1683290351677442
2024-08-22,2.06486500450427
2024-08-23,-1.3206410559711586
2024-08-24,8.386761577112395
2024-08-25,13.849543700267908
2024-08-26,3.582143349306932
2024-08-27,-1.6966259207741388
2024-08-28,-7.515083585592748
2024-08-29,-10.690501171880307
2024-08-30,-7.247241949510631
2024-08-31,-2.209734590804537
2024-09-01,-20.017107578884648
2024-09-02,-12.910682970201563
2024-09-03,-4.233485220962194
2024-09-04,-13.009712990381455
2024-09-05,-10.0939263184599
2024-09-06,-0.8066058381072239
2024-09-07,-5.128859358789285
2024-09-08,3.0102895738009963
2024-09-09,4.500784745684655
2024-09-10,-16.851029244555065
2024-09-11,27.512643260037393
2024-09-12,4.590439722533048
2024-09-13,2.2331874042525754
2024-09-14,0.7302258258712726
2024-09-15,-18.073088955629707
2024-09-16,1.8665239186069584
2024-09-17,-9.300181925794341
2024-09-18,17.428905544690046
2024-09-19,5.618316966436815
2024-09-20,-7.131018729950057
2024-09-21,-5.706809602007091
2024-09-22,-12.97195023715068
2024-09-23,-5.784036930997431
2024-09-24,5.174403683753454
2024-09-25,18.726599481207636
2024-09-26,-10.420697734140305
2024-09-27,22.058995879222635
2024-09-28,9.286168277894674
2024-09-29,-1.9512361908450515
2024-09-30,8.253488249208402
2024-10-01,3.51758723136912
2024-10-02,6.265493285610205
2024-10-03,4.705346374039479
2024-10-04,6.7473097126026715
2024-10-05,-34.92472875580996
2024-10-06,2.5906436803471493
2024-10-07,43.39229343407128
2024-10-08,17.39454027339842
2024-10-09,9.57986248128816
2024-10-10,32.829179258484075
2024-10-11,-11.139033715842729
2024-10-12,-10.904431013183455
2024-10-13,-5.067316648374728
2024-10-14,0.3879770718124149
2024-10-15,10.113906091672817
2024-10-16,4.923252997760123
2024-10-17,-18.438210599615125
2024-10-18,-8.270223002727818
2024-10-19,1.6023479905105305
2024-10-20,5.219473252020393
2024-10-21,5.415980299194366
2024-10-22,-1.8470907292769994
2024-10-23,0.7759644153245304
2024-10-24,7.003032803847972
2024-10-25,9.006985878945144
2024-10-26,6.312669268525312
2024-10-27,-20.775205650634803
2024-10-28,1.3391247216775568
2024-10-29,-2.2802594343374807
2024-10-30,5.456651766993247
2024-10-31,16.46100642179971
2024-11-01,-1.516324018903589
2024-11-02,-15.061577047482665
2024-11-03,-11.479055529285375
2024-11-04,13.414041407724774
2024-11-05,22.339771768221652
2024-11-06,9.137325450208934
2024-11-07,11.151763430841825
2024-11-08,-20.759423364768374
2024-11-09,-14.995634439868397
2024-11-10,5.071669855661398
2024-11-11,8.210690419105106
2024-11-12,-9.892878002853521
2024-11-13,-9.314193989437328
2024-11-14,-8.739874301806168
2024-11-15,8.653153569650868
2024-11-16,-8.303720694520592
2024-11-17,2.7312739139851203
2024-11-18,-11.510759208304549
2024-11-19,-11.062303465309299
2024-11-20,2.2586779874022795
2024-11-21,7.485591026302998
2024-11-22,11.828105541956205
2024-11-23,8.887636137016102
2024-11-24,-8.50543881494852
2024-11-25,19.161043957367653
2024-11-26,17.889336285920805
2024-11-27,24.021687116584275
2024-11-28,27.620710272372037
2024-11-29,-46.41070523183402
2024-11-30,-14.383416708019837
2024-12-01,1.1398112011122663
2024-12-02,-26.633865999372723
2024-12-03,-31.630274820657597
2024-12-04,3.3815538899296342
2024-12-05,1.9746273010708606
2024-12-06,-20.98991979235676
2024-12-07,-7.75612083026742
2024-12-08,2.7210519896041987
2024-12-09,13.338361398751786
2024-12-10,90.4255941636602
2024-12-11,-38.26514903436626
2024-12-12,58.450609922853204
2024-12-13,61.69863073325851
2024-12-14,-13.259035645396466
2024-12-15,-22.089834462993736
2024-12-16,46.68785998044473
2024-12-17,-0.37876002846644496
2024-12-18,-17.956037580964036
2024-12-19,-16.32875078541116
2024-12-20,-6.444613423673111
2024-12-21,-1.2255262289224476
2024-12-22,-9.722967181827698
2024-12-23,-11.52622838367894
2024-12-24,30.540951782966005
2024-12-25,-13.437669317975562
2024-12-26,5.807660950173684
2024-12-27,43.71966590815181
2024-12-28,-6.889288268895967
2024-12-29,1.0351356182072777
2024-12-30,-7.340272924952075
2024-12-31,-11.780192317622323
2025-01-01,16.00951341532955
2025-01-02,-5.932751385803016
2025-01-03,23.86707932185284
2025-01-04,-19.42134177192696
2025-01-05,-14.296067311346718
2025-01-06,-12.781215885871887
2025-01-07,-22.09586755186664
2025-01-08,7.708424414220435
2025-01-09,-34.12703808006781
2025-01-10,-16.07025621747074
2025-01-11,-0.3441599099263257
2025-01-12,-23.907058393415753
2025-01-13,11.451845781610984
2025-01-14,36.162537427989776
2025-01-15,-25.521701190632314
2025-01-16,0.8065443160008883
2025-01-17,8.05252207657621
2025-01-18,56.20343632055207
2025-01-19,-15.879489885866292
2025-01-20,-26.14675102412847
2025-01-21,1.5779990590124413
2025-01-22,-3.0339774870997047
2025-01-23,-5.081842500171291
2025-01-24,-18.302672446667344
2025-01-25,15.984496156964894
2025-01-26,-23.103875675102856
2025-01-27,4.256728698699632
2025-01-28,-12.684881971909974
2025-01-29,1.4439454354173833
2025-01-30,6.250508143217289
2025-01-31,16.368789947508347
2025-02-01,-14.43165480246384
2025-02-02,-17.397199341511268
2025-02-03,-2.421199619989153
2025-02-04,-7.626661662376691
2025-02-05,-8.930516312008166
2025-02-06,-5.855030632936803
2025-02-07,4.033470892519929
2025-02-08,4.11531616458619
2025-02-09,1.5721409335089902
2025-02-10,23.786024760623178
2025-02-11,-11.446170879555922
2025-02-12,40.45157913604224
2025-02-13,-17.454913544202448
2025-02-14,6.0526526046592934
2025-02-15,47.593911936728915
2025-02-16,8.791601845261567
2025-02-17,-7.51628223943564
2025-02-18,60.42556076223654
2025-02-19,-19.752458313890727
2025-02-20,-16.63573781856668
2025-02-21,-0.22534939683476907
2025-02-22,-2.990452662845204
2025-02-23,-11.247502722918973
2025-02-24,28.60208917889068
2025-02-25,-12.564273262436814
2025-02-26,29.531176813530394
2025-02-27,11.995151286767808
2025-02-28,-15.952682011872938
2025-03-01,15.439385824302661
2025-03-02,-27.533266233021067
2025-03-03,-1.298631847324316
2025-03-04,89.23025856510371
2025-03-05,59.22529149330282
2025-03-06,42.49264237245674
2025-03-07,15.292044320347145
2025-03-08,-34.63091399010034
2025-03-09,-47.77376959900219
2025-03-10,-35.91379111147039
2025-03-11,-36.34436092942701
2025-03-12,-4.783150863018136
2025-03-13,-29.045699915202903
2025-03-14,-29.45698771890585
2025-03-15,35.41229666280587
2025-03-16,19.918114731962433
2025-03-17,0.9067647371489898
2025-03-18,-42.343890709808846
2025-03-19,4.963517884084752
2025-03-20,42.056703382447026
2025-03-21,-54.547662869051436
2025-03-22,-9.5353643816794
2025-03-23,-19.577115003024304
2025-03-24,-9.615692039566163
2025-03-25,-4.697472049107063
2025-03-26,-6.294710938417424
2025-03-27,-22.240711240775035
2025-03-28,-29.25885316531071
2025-03-29,-14.528734637250203
2025-03-30,-10.24858939537556
2025-03-31,-13.06213232765333
2025-04-01,11.472210146523508
2025-04-02,-25.017324856483654
2025-04-03,-21.72435796225639
2025-04-04,-0.49343447236972793
2025-04-05,-6.1227540305012695
2025-04-06,-18.81087370577984
2025-04-07,-36.47973340808389
2025-04-08,-28.452136426126827
2025-04-09,-10.088563511000672
2025-04-10,-6.378435554647368
2025-04-11,-8.879683747193617
2025-04-12,-5.277423881447895
2025-04-13,-14.597285956642146
2025-04-14,-9.251974910934955
2025-04-15,14.060447760546829
2025-04-16,-0.32062039119973207
2025-04-17,-15.424897922079069
2025-04-18,2.6353718655788043
2025-04-19,8.016752414596418
2025-04-20,21.798315405128847
2025-04-21,-29.384079394161297
2025-04-22,10.65128389944136
2025-04-23,2.3275724399473745
2025-04-24,-2.560924962957621
2025-04-25,13.015243115104276
2025-04-26,6.809892833638507
2025-04-27,-7.3124733666119255
2025-04-28,3.331845781249278
2025-04-29,-8.783090998259887
2025-04-30,-8.680918066527724
2025-05-01,5.854067053211743
2025-05-02,-5.96857171526014
2025-05-03,-13.480352340631335
2025-05-04,-3.31092756167741
2025-05-05,-3.698713363315477
2025-05-06,-4.53217552131828
2025-05-07,-1.5248158285827955
2025-05-08,-0.5414237487087021
2025-05-09,-21.736934016542072
2025-05-10,-19.015498840446483
2025-05-11,-13.024892569567683
2025-05-12,-19.00894930859053
2025-05-13,-4.9470408060685855
2025-05-14,-1.7537521126914442
2025-05-15,4.313116872510889
2025-05-16,12.162715262631934
2025-05-17,1.1267048854317636
2025-05-18,5.763624539903084
2025-05-19,-14.627239713027784
2025-05-20,11.414413952901974
2025-05-21,11.243670334413949
2025-05-22,-14.959572856774415
2025-05-23,11.118653815592204
2025-05-24,-4.774524684154848
2025-05-25,-11.566602204939052
2025-05-26,-2.254804832812944
2025-05-27,18.257610466746897
2025-05-28,0.5627856321216811
2025-05-29,-6.033036969842392
2025-05-30,-6.700295972292459
2025-05-31,-17.16086832729026
2025-06-01,0.8200951660764275
2025-06-02,11.888637072117668
2025-06-03,-33.049314214191575
2025-06-04,-6.598033630196461
2025-06-05,7.198248740649031
2025-06-06,-0.01688275942206019
2025-06-07,-1.6773400718295832
2025-06-08,-4.210958040982639
2025-06-09,2.0086914813849788
2025-06-10,10.127488687414889
2025-06-11,-19.998270141889293
2025-06-12,-6.3827109895241385
2025-06-13,-2.006244867766302
2025-06-14,5.952076243607962
2025-06-15,-2.375433610064835
2025-06-16,-5.279502153089375
2025-06-17,-0.45241680868728906
2025-06-18,-2.7967619776458505
2025-06-19,7.111890497418717
2025-06-20,2.9089778640988655
2025-06-21,1.3953691259547796
2025-06-22,3.7601328295594136
2025-06-23,16.995762245275202
2025-06-24,0.25248610770763946
2025-06-25,-3.757907036095407
2025-06-26,-2.263253072125554
2025-06-27,0.8888941293787624
2025-06-28,0.5936433605399891
2025-06-29,4.788013375608202
2025-06-30,1.5195765948992417
2025-07-01,-0.3923530326976632
2025-07-02,9.329619115168885
2025-07-03,4.382009630044237
2025-07-04,1.1904800837394376
2025-07-05,8.280808172676672
2025-07-06,-2.230280177543335
2025-07-07,-7.341518796472883
2025-07-08,4.532930990661637
2025-07-09,3.073619499356081
2025-07-10,9.157722029846703
2025-07-11,1.1711537050953993
2025-07-12,3.4274842516933433
2025-07-13,2.3162793400527164
2025-07-14,2.9769788517075746
2025-07-15,6.169283148777584
2025-07-16,5.490267422486063
2025-07-17,23.541974824556334
2025-07-18,-2.9753044230837844
2025-07-19,-1.2081300608450007
2025-07-20,0.715301751133488
2025-07-21,6.349041611517613
2025-07-22,1.334269348720035
2025-07-23,-7.37020639067476
2025-07-24,-8.676403277475398
2025-07-25,-7.728477111313431
2025-07-26,4.94371804891361
2025-07-27,-5.206015924887854
2025-07-28,7.694713171528555
2025-07-29,1.7776019050369314
2025-07-30,-8.530577166849781
2025-07-31,-5.698416243563415
2025-08-01,-3.9628198416398703
2025-08-02,-8.834214839898692
2025-08-03,-8.249608102513427
2025-08-04,-8.286539386554974
2025-08-05,-1.491243752109959
2025-08-06,-3.4901257780971164
2025-08-07,-5.111280833928564
2025-08-08,-7.646778593558892
2025-08-09,-1.1494870123404226
2025-08-10,1.2718532773562572
2025-08-11,-7.860017492010442
2025-08-12,-6.071848384579809
2025-08-13,-7.868151965229291
2025-08-14,7.0532156302564815
2025-08-15,-2.1264639090340722
2025-08-16,2.1904560566231623
2025-08-17,12.528683281600102
2025-08-18,-21.037690008125125
2025-08-19,-3.8769869005077666
2025-08-20,-8.173512214286404
2025-08-21,-9.239644654032539
2025-08-22,5.644339460989912
2025-08-23,-3.8314341090905586
2025-08-24,-1.297432567476541
2025-08-25,-0.7701139309732561
2025-08-26,16.342156825406956
2025-08-27,1.6989411329151878
2025-08-28,-7.343188476002226
2025-08-29,-1.4934667727805007
2025-08-30,-5.225171301352052
2025-08-31,0.30272444726340453
2025-09-01,-4.4711926612810515
2025-09-02,1.4098576370494662
2025-09-03,-13.230159480406904
2025-09-04,-12.41354965993522
2025-09-05,-1.264897647873454
2025-09-06,14.156388679644166
2025-09-07,7.277347680438368
2025-09-08,-0.1746153426984165
2025-09-09,0.3730868775464202
2025-09-10,6.038702409456999
2025-09-11,-2.2168476990677313
2025-09-12,1.6878504325247157
2025-09-13,2.6969652618888134
2025-09-14,5.004738456674922
2025-09-15,4.164343855614252
2025-09-16,6.70268122286987
2025-09-17,3.8697111661039116
2025-09-18,-7.226081936544599
2025-09-19,0.6608530537563588
2025-09-20,-6.246424379959294
2025-09-21,-4.010358670543972
2025-09-22,-5.32065560768341
2025-09-23,0.373733779035355
2025-09-24,13.278008603021604
2025-09-25,-4.1787005574102665
2025-09-26,-13.977600260959832
2025-09-27,0.2444339554893915
2025-09-28,-7.913118155032457
2025-09-29,-5.1854130890167625
2025-09-30,1.5374461868085518
2025-10-01,-10.791222843579504
2025-10-02,-9.393548959934343
2025-10-03,1.6974540157335625
2025-10-04,-13.306245088226731
2025-10-05,-8.100307515591659
2025-10-06,3.3266076017727997
2025-10-07,5.77410351908987
2025-10-08,4.472255090185417
2025-10-09,-10.688878959028397
2025-10-10,-1.5431322862650205
2025-10-11,-2.0900463556969626
2025-10-12,-0.0342587659302076
2025-10-13,5.7312113719170235
2025-10-14,-7.931788070339579
2025-10-15,3.944236192062853
2025-10-16,-10.592957465146416
2025-10-17,-2.20685429226387
2025-10-18,-0.8792316319231261
2025-10-19,-3.1322080384415045
2025-10-20,6.3232406894160675
2025-10-21,2.036681601961689
2025-10-22,0.16764252170438
2025-10-23,-1.6497729270847117
2025-10-24,-1.2754574630445177
2025-10-25,-2.9137562094354976
2025-10-26,-3.0001659949238757
2025-10-27,-7.190906460143204
2025-10-28,9.598959597978777
2025-10-29,9.758096731800663
2025-10-30,-12.363405954811768
2025-10-31,-17.702399165956642
2025-11-01,-5.5729544854708095
2025-11-02,-5.31211463051266
2025-11-03,3.3712269636239114
2025-11-04,-0.9608276987590685
2025-11-05,3.59536559283908
2025-11-06,-7.748088714822586
2025-11-07,-18.65925043780925
2025-11-08,-17.767640517593478
2025-11-09,36.920679504321214
2025-11-10,-20.155306562884093
2025-11-11,1.0061235874102152
2025-11-12,-7.072061234117356
2025-11-13,2.9005435251300042
2025-11-14,2.759050312696594
2025-11-15,-8.635727604017177
2025-11-16,-12.52975636848528
2025-11-17,4.15437083015631
2025-11-18,14.844761923187825
2025-11-19,14.356640158697779
2025-11-20,9.35630475111396
2025-11-21,-6.354650957648865
2025-11-22,14.575907662502203
2025-11-23,-2.159584716029741
2025-11-24,-0.8078070112357807
2025-11-25,-3.9414729684404435
2025-11-26,7.510088796704974
2025-11-27,29.608296374023777
2025-11-28,7.240398984400642
2025-11-29,-1.7290617048281547
2025-11-30,21.142601757258895
2025-12-01,-5.456195549619011
2025-12-02,-0.5960368600363921
2025-12-03,-0.7854759793652164
2025-12-04,5.711219497092387
2025-12-05,-4.620791172361841
2025-12-06,-4.2318911859033435
2025-12-07,4.810560060255327
2025-12-08,-15.157160931108002
2025-12-09,1.439612756606003
2025-12-10,15.345401847606482
2025-12-11,-25.247990070366768
2025-12-12,12.850238878653855
2025-12-13,-3.6084675306839245
2025-12-14,3.893481121070195
2025-12-15,28.486538684194855
2025-12-16,-8.698268082269855
2025-12-17,10.683895762213346
2025-12-18,-8.111826726389708
2025-12-19,29.235236445371932
2025-12-20,10.346984125710065
2025-12-21,-7.257819887955094
2025-12-22,21.35310719559061
2025-12-23,-0.6382278550256686
2025-12-24,18.75235529395227
2025-12-25,1.4847333967324587
2025-12-26,-4.0130893724443695
2025-12-27,10.100894870186536
2025-12-28,-1.8192969154976666
2025-12-29,11.318814640920287
2025-12-30,-26.404289313711928
2025-12-31,26.557708614993764
